{"lr": 5.808909196086716e-05, "data_time": 0.8779398441314697, "loss": 0.1869099736213684, "decode.loss_ce": 0.1869099736213684, "decode.acc_seg": 100.0, "time": 1.0896367311477662, "epoch": 1, "memory": 2296, "step": 50}
{"lr": 0.00010865277009458953, "data_time": 0.6131072282791138, "loss": 0.0411705925129354, "decode.loss_ce": 0.0411705925129354, "decode.acc_seg": 100.0, "time": 0.848005223274231, "epoch": 1, "memory": 1857, "step": 100}
{"lr": 0.0001170202912637596, "data_time": 0.6311739206314086, "loss": 0.028572746459394692, "decode.loss_ce": 0.028572746459394692, "decode.acc_seg": 100.0, "time": 0.8825170040130615, "epoch": 1, "memory": 1866, "step": 150}
{"lr": 0.00012208588957055206, "data_time": 0.8923146486282348, "loss": 0.012094007665291428, "decode.loss_ce": 0.012094007665291428, "decode.acc_seg": 100.0, "time": 1.1467094659805297, "epoch": 1, "memory": 1854, "step": 200}
{"lr": 0.00012208588957055206, "data_time": 0.5670515775680542, "loss": 0.012646165397018194, "decode.loss_ce": 0.012646165397018194, "decode.acc_seg": 100.0, "time": 0.7984638214111328, "epoch": 1, "memory": 1855, "step": 250}
{"lr": 0.00012208588957055206, "data_time": 1.1453853368759155, "loss": 0.011358399048913271, "decode.loss_ce": 0.011358399048913271, "decode.acc_seg": 100.0, "time": 1.4293724775314331, "epoch": 1, "memory": 1854, "step": 300}
{"lr": 0.00012208588957055206, "data_time": 0.9365747928619385, "loss": 0.007997067942051217, "decode.loss_ce": 0.007997067942051217, "decode.acc_seg": 100.0, "time": 1.1782142639160156, "epoch": 1, "memory": 1854, "step": 350}
{"lr": 0.00012208588957055206, "data_time": 0.8889832258224487, "loss": 0.0058098288078326735, "decode.loss_ce": 0.0058098288078326735, "decode.acc_seg": 100.0, "time": 1.136305809020996, "epoch": 1, "memory": 1854, "step": 400}
{"lr": 0.00012208588957055206, "data_time": 0.9819299697875976, "loss": 0.007043646322563291, "decode.loss_ce": 0.007043646322563291, "decode.acc_seg": 99.99999237060547, "time": 1.2262944459915162, "epoch": 1, "memory": 1854, "step": 450}
{"lr": 0.00012208588957055206, "data_time": 0.614962124824524, "loss": 0.003588122589280829, "decode.loss_ce": 0.003588122589280829, "decode.acc_seg": 99.99999237060547, "time": 0.8467105627059937, "epoch": 1, "memory": 1854, "step": 500}
{"lr": 0.00012208588957055206, "data_time": 0.5952909469604493, "loss": 0.007833292800933122, "decode.loss_ce": 0.007833292800933122, "decode.acc_seg": 100.0, "time": 0.8234570980072021, "epoch": 1, "memory": 1854, "step": 550}
{"lr": 0.00012208588957055206, "data_time": 0.8183368444442749, "loss": 0.005143483949359507, "decode.loss_ce": 0.005143483949359507, "decode.acc_seg": 100.0, "time": 1.0369499921798706, "epoch": 1, "memory": 1854, "step": 600}
{"lr": 0.00012208588957055206, "data_time": 0.8406319618225098, "loss": 0.0031808153027668594, "decode.loss_ce": 0.0031808153027668594, "decode.acc_seg": 100.0, "time": 1.0824963808059693, "epoch": 1, "memory": 1854, "step": 650}
{"lr": 0.00012208588957055206, "data_time": 1.1205265283584596, "loss": 0.003506152774207294, "decode.loss_ce": 0.003506152774207294, "decode.acc_seg": 100.0, "time": 1.3466616868972778, "epoch": 1, "memory": 1854, "step": 700}
